Plate,Well,Dose,PosNegCtrls
plate_1,A01,0,0
plate_1,A12,150,1
plate_1,B01,0,0
plate_1,B12,150,1
plate_1,C01,0,0
plate_1,C12,150,1
plate_1,D01,0,0
plate_1,D12,150,1
plate_1,E01,150,1
plate_1,E02,0,0.5
plate_1,E03,0.31,0.5
plate_1,E04,0.63,0.5
plate_1,E05,1.25,0.5
plate_1,E06,2.5,0.5
plate_1,E07,5,0.5
plate_1,E08,10,0.5
plate_1,E09,20,0.5
plate_1,E10,40,0.5
plate_1,E11,80,0.5
plate_1,E12,0,0
plate_1,F01,150,1
plate_1,F12,0,0
plate_1,G01,150,1
plate_1,G12,0,0
plate_1,H01,150,1
plate_1,H12,0,0
